N,pe_human_pred,pe_mouse_pred,pe_human_fit,pe_mouse_fit,C_human_pred,C_mouse_pred,C_human_fit,C_mouse_fit
0.1,0.7261149812607791,0.7283530370788112,0.7268727371549727,0.7284975277947447,0.15301567972652586,0.1561819901654058,0.1540836440422222,0.15638766285022
0.12785571142284569,0.724727872290918,0.72759635735151,0.725699525681834,0.7277814106515929,0.15107150554148518,0.1551073930739566,0.15243191428460023,0.1553698108523216
0.1557114228456914,0.7233364149137231,0.7268383603643618,0.7245231846233365,0.727064112335694,0.14913521632674742,0.1540351038569716,0.1507857941356876,0.1543540236675034
0.18356713426853707,0.721940622548199,0.7260790482227355,0.7233437220077364,0.726345634627594,0.14720691799593077,0.15296514000437633,0.14914534805362023,0.15334031613733445
0.21142284569138275,0.7205405089079739,0.7253184230585473,0.7221611460149636,0.7256259793291588,0.1452867164622641,0.15189751900853987,0.14751064050113316,0.1523287031054752
0.23927855711422846,0.7191360880019307,0.7245564870302976,0.7209754649769101,0.7249051482636022,0.1433747176276048,0.1508322583637407,0.14588173594079112,0.15131919941726957
0.2671342685370741,0.7177273741348031,0.7237932423231049,0.7197866873777082,0.724183143275513,0.14147102737137973,0.14976937556562842,0.1442586988301926,0.1503118199193394
0.2949899799599198,0.716314381907735,0.7230286911487411,0.7185948218539938,0.7234599662308812,0.13957575153944546,0.14870888811068528,0.14264159361714213,0.1493065794591728
0.32284569138276553,0.714897126218805,0.7222628357456642,0.7173998771951577,0.722735619017124,0.1376889959328751,0.14765081349568354,0.1410304847347965,0.14830349288471467
0.35070140280561124,0.7134756222635144,0.7214956783790505,0.7162018623435832,0.7220101035431101,0.13581086629667016,0.14659516921714166,0.13942543659677908,0.14730257504395117
0.37855711422845695,0.7120498855352367,0.7207272213408268,0.7150007863948696,0.721283421739185,0.13394146830839682,0.1455419727707794,0.1378265135922685,0.14630384078449876
0.40641282565130266,0.710619931825633,0.7199574669497001,0.7137966585980436,0.7205555755571934,0.13208090756675572,0.14449124165096738,0.1362337800810587,0.1453073049531851
0.43426853707414825,0.7091857772250262,0.7191864175511868,0.7125894883557562,0.7198265669705035,0.13022928958007896,0.14344299335017796,0.1346473003885933,0.14431298239563417
0.46212424849699396,0.7077474381227398,0.7184140755176426,0.7113792852244658,0.719096397974028,0.12838671975476013,0.14239724535843346,0.13306713880097298,0.1433208879558444
0.48997995991983967,0.7063049312073978,0.7176404432482884,0.7101660589146072,0.7183650705842461,0.1265533033836208,0.14135401516274904,0.13149335955993569,0.14233103647577017
0.5178356713426854,0.7048582734671847,0.7168655231692376,0.7089498192907474,0.7176325868392246,0.12472914563420923,0.14031332024657828,0.12992602685781351,0.14134344279489852
0.5456913827655311,0.7034074821900674,0.7160893177335218,0.7077305763717266,0.7168989487986378,0.12291435153704011,0.13927517808925316,0.1283652048324646,0.1403581217498262
0.5735470941883768,0.7019525749639781,0.715311829421115,0.7065083403307851,0.7161641585437866,0.12110902597377426,0.1382396061654234,0.12681095756217997,0.13937508817383382
0.6014028056112224,0.7004935696769555,0.7145330607389574,0.7052831214956758,0.7154282181776179,0.11931327366533728,0.1372066219444935,0.12526334906056713,0.1383943568964605
0.6292585170340681,0.6990304845172479,0.7137530142209775,0.7040549303487621,0.7146911298247416,0.11752719915998466,0.13617624289005814,0.12372244327141113,0.13741594274307345
0.6571142284569138,0.6975633379733747,0.7129716924281142,0.7028237775271008,0.7139528956314488,0.11575090682131217,0.1351484864593353,0.12218830406351167,0.13643986053444168
0.6849699398797595,0.6960921488341463,0.7121890979483372,0.7015896738225127,0.7132135177657281,0.11398450081621325,0.13412337010259812,0.12066099522550244,0.13546612508630274
0.7128256513026052,0.6946169361886448,0.7114052333966663,0.7003526301816339,0.7124729984172804,0.11222808510278703,0.13310091126260293,0.11914058046064369,0.13449475120893106
0.7406813627254508,0.6931377194261623,0.7106201014151896,0.6991126577059565,0.7117313397975356,0.11048176341819838,0.13208112737401756,0.11762712338159886,0.13352575370670494
0.7685370741482965,0.6916545182360958,0.7098337046730816,0.697869767651852,0.7109885441396653,0.10874563926649183,0.13106403586284743,0.11612068750518922,0.1325591473776705
0.7963927855711422,0.6901673526078027,0.7090460458666191,0.6966239714305799,0.7102446136985977,0.10701981590636189,0.1300496541458589,0.11462133624712911,0.1315949470131068
0.824248496993988,0.6886762428304121,0.7082571277191968,0.695375280608281,0.7094995507510294,0.10530439633888222,0.12903799963000073,0.11312913291674376,0.1306331673970864
0.8521042084168337,0.6871812094925938,0.7074669529813411,0.6941237069059562,0.7087533575954381,0.10359948329519497,0.12802908971182547,0.11164414071166862,0.12967382330603805
0.8799599198396794,0.6856822734822848,0.7066755244307241,0.6928692621994287,0.7080060365520935,0.10190517922416409,0.12702294177690754,0.11016642271253119,0.12871692950830527
0.907815631262525,0.6841794559863723,0.705882844872175,0.6916119585192909,0.7072575899630681,0.10022158627999289,0.12601957319925938,0.10869604187761595,0.12776250076370554
0.9356713426853707,0.6826727784903326,0.7050889171376917,0.690351808050837,0.7065080201922469,0.09854880630981055,0.12501900134074795,0.10723306103751462,0.12681055182308754
0.9635270541082164,0.6811622627778275,0.7042937440864505,0.6890888231339771,0.7057573296253365,0.09688694084122695,0.1240212435505067,0.10577754288976027,0.12586109742788676
0.9913827655310621,0.6796479309302552,0.7034973286048153,0.6878230162631391,0.7050055206698732,0.09523609106986108,0.12302631716434886,0.10432954999344668,0.12491415230968039
1.0192384769539078,0.678129805326259,0.7026996736063451,0.6865544000871514,0.7042525957552301,0.09359635784684461,0.12203423950417647,0.10288914476383515,0.12396973118974142
1.0470941883767535,0.6766079086411897,0.7019007820318011,0.6852829874091112,0.7034985573326249,0.09196784166630123,0.12104502787738969,0.10145638946694646,0.12302784877859052
1.0749498997995992,0.6750822638465239,0.7011006568491522,0.684008791186237,0.7027434078751245,0.0903506426528069,0.12005869957629445,0.10003134621414222,0.12208851977554769
1.102805611222445,0.6735528942092387,0.7002993010535796,0.6827318245297044,0.701987149877651,0.08874486054883146,0.11907527187750633,0.09861407695669344,0.12115175886828278
1.1306613226452906,0.672019823291139,0.6994967176674803,0.6814521007044652,0.7012297858569857,0.08715059470216469,0.11809476204135749,0.09720464348033886,0.12021758073236355
1.1585170340681363,0.6704830749481422,0.6986929097404692,0.6801696331290514,0.7004713183517729,0.0855679440533319,0.11711718731129639,0.095803107399833,0.11928600003080492
1.186372745490982,0.6689426733295153,0.6978878803493805,0.678884435375362,0.6997117499225219,0.08399700712299518,0.11614256491329167,0.09440953015348374,0.11835703141361487
1.2142284569138277,0.6673986428770684,0.697081632598268,0.6775965211684333,0.69895108315161,0.08243788199935032,0.11517091205522967,0.09302397299768361,0.11743068951734092
1.2420841683366735,0.6658510083243006,0.6962741696184039,0.6763059043861932,0.698189320643283,0.08089066632551734,0.11420224592631589,0.09164649700143124,0.11650698896461487
1.2699398797595192,0.664299794695502,0.6954654945682764,0.6750125990591989,0.697426465023655,0.07935545728692883,0.11323658369646916,0.0902771630408461,0.11558594436369618
1.2977955911823649,0.6627450273048084,0.6946556106335867,0.6737166193703567,0.6966625189407095,0.0778323515987176,0.11227394251571976,0.08891603179367757,0.11466757030801611
1.3256513026052106,0.6611867317552103,0.6938445210272448,0.6724179796546278,0.6958974850642967,0.07632144549310871,0.11131433951360359,0.08756316373380879,0.11375188137571834
1.353507014028056,0.6596249339375154,0.6930322289893632,0.6711166943987144,0.6951313660861318,0.07482283470681506,0.11035779179855476,0.08621861912575357,0.11283889212920017
1.3813627254509018,0.6580596600292667,0.692218737787251,0.6698127782407305,0.6943641647197921,0.0733366144684433,0.10940431645729931,0.08488245801915273,0.1119286171146533
1.4092184368737475,0.6564909364936116,0.6914040507154053,0.6685062459698563,0.6935958837007136,0.07186287948590886,0.10845393055424513,0.08355474024326415,0.11102107086160218
1.4370741482965932,0.6549187900781255,0.6905881710955031,0.6671971125259747,0.6928265257861859,0.07040172393386501,0.10750665113087265,0.08223552540145385,0.11011626788244311
1.464929859719439,0.653343247813591,0.6897711022763897,0.6658853929992904,0.6920560937553467,0.06895324144114978,0.1065624952051234,0.08092487286568106,0.10921422267198044
1.4927855711422846,0.6517643370127271,0.6889528476340692,0.6645711026299342,0.6912845904091763,0.06751752507824926,0.10562147977078817,0.07962284177098766,0.10831494970696454
1.5206412825651303,0.6501820852688743,0.6881334105716898,0.6632542568075486,0.6905120185704902,0.06609466734478464,0.10468362179689317,0.07832949100998488,0.10741846344562722
1.548496993987976,0.6485965204546332,0.6873127945195322,0.6619348710708555,0.6897383810839307,0.06468476015702518,0.10374893822708708,0.07704487922734082,0.10652477832721619
1.5763527054108217,0.6470076707204544,0.6864910029349932,0.6606129611072092,0.6889636808159585,0.06328789483542474,0.10281744597902431,0.0757690648142717,0.10563390877152956
1.6042084168336674,0.6454155644931842,0.6856680393025705,0.6592885427521309,0.6881879206548436,0.061904162092192294,0.10188916194375008,0.07450210590303352,0.10474586917844997
1.6320641282565131,0.6438202304745623,0.6848439071338448,0.6579616319888253,0.687411103510654,0.06053365201889427,0.10096410298508363,0.07324406036141984,0.10386067392747655
1.6599198396793589,0.6422216976396741,0.6840186099674621,0.6566322449476819,0.6866332323152451,0.059176454074092,0.10004228593899911,0.07199498578726127,0.10297833737725781
1.6877755511022046,0.6406199952353553,0.6831921513691134,0.6553003979057577,0.685854310022247,0.05783265707101981,0.09912372761300836,0.07075493950293288,0.10209887386512229
1.71563126252505,0.6390151527785508,0.6823645349315143,0.653966107286243,0.6850743396070523,0.0565023491653025,0.09820844478554092,0.06952397854986547,0.10122229770661073
1.7434869739478958,0.6374072000546268,0.6815357642743823,0.6526293896579104,0.6842933240668012,0.055185617842719026,0.09729645420532373,0.06830215968306486,0.10034862319500393
1.7713426853707415,0.6357961671156378,0.6807058430444152,0.6512902617345456,0.6835112664203679,0.05388254990701302,0.09638777259076048,0.06708953936563922,0.09947786460085539
1.7991983967935872,0.6341820842785454,0.6798747749152642,0.6499487403743627,0.6827281697083438,0.05259323146775352,0.09548241662931012,0.06588617376333528,0.09861003617151709
1.8270541082164329,0.6325649821233927,0.6790425635875104,0.6486048425793999,0.6819440369930228,0.05131774792824806,0.09458040297686454,0.06469211873908254,0.09774515213067125
1.8549098196392786,0.6309448914914324,0.678209212788637,0.6472585854949,0.6811588713583818,0.05005618397351341,0.09368174825712616,0.06350742984755042,0.09688322667785543
1.8827655310621243,0.6293218434832079,0.677374726273001,0.6459099864086727,0.6803726759100643,0.04880862355830229,0.09278646906098365,0.06233216232971506,0.09602427398799152
1.91062124248497,0.6276958694565906,0.6765391078218046,0.6445590627504396,0.6795854537753612,0.047575149895195956,0.09189458194588929,0.0611663711074385,0.09516830821091316
1.9384769539078157,0.6260670010247701,0.6757023612430642,0.6432058320911626,0.6787972081031894,0.046355845442756394,0.09100610343523385,0.060010110778062065,0.09431534347089054
1.9663326653306614,0.6244352700541994,0.6748644903715785,0.6418503121423536,0.6780079420640731,0.045150791893750375,0.09012105001772186,0.05886343560901253,0.09346539386615826
1.9941883767535071,0.6228007086624956,0.674025499068896,0.6404925207553693,0.6772176588501205,0.04396007016344072,0.08923943814674662,0.057726399532423645,0.0926184734684401
2.0220440881763526,0.6211633492162951,0.6731853912232802,0.6391324759206872,0.676426361675002,0.042783760377952396,0.08836128423976419,0.05659905613977512,0.09177459632247431
2.0498997995991983,0.6195232243290631,0.6723441707496752,0.6377701957671641,0.6756340537739269,0.041621941862713285,0.08748660467766811,0.055481458676544415,0.09093377644553935
2.077755511022044,0.617880366858861,0.6715018415896674,0.6364056985612787,0.6748407384036186,0.040474693130976735,0.0866154158041621,0.05437366003688071,0.09009602782697834
2.1056112224448897,0.6162348099060664,0.6706584077114494,0.6350390027063566,0.6740464188422898,0.03934209187242099,0.08574773392513513,0.0532757127582939,0.08926136442772259
2.1334669338677354,0.6145865868110514,0.6698138731097789,0.6336701267417777,0.673251098389616,0.0382242149418377,0.08488357530803281,0.05218766901636518,0.08842980017981694
2.161322645290581,0.612935731151816,0.6689682418059402,0.6322990893421675,0.6724547803667094,0.03712113834790576,0.08402295618123157,0.05110958061947635,0.0876013489859424
2.189178356713427,0.6112822767415782,0.6681215178477012,0.6309259093165702,0.6716574681160897,0.03603293724205536,0.08316589273341202,0.05004149900356225,0.08677602471894119
2.2170340681362726,0.6096262576263208,0.6672737053092711,0.6295506056076063,0.6708591650016569,0.034959685907425486,0.08231240111293048,0.04898347522688262,0.08595384122133898
2.2448897795591183,0.6079677080822954,0.6664248082912559,0.6281731972906118,0.6700598744086603,0.033901457747917196,0.08146249742719247,0.04793555996482035,0.08513481230486941
2.272745490981964,0.6063066626134833,0.6655748309206133,0.6267937035727618,0.6692595997436689,0.03285832527734556,0.08061619774202566,0.04689780350470052,0.08431895174999537
2.3006012024048097,0.6046431559490149,0.6647237773506061,0.6254121437921761,0.6684583444345392,0.031830360108692224,0.07977351808105215,0.04587025574063608,0.08350627330543414
2.3284569138276554,0.6029772230405461,0.6638716517607537,0.6240285374170093,0.6676561119303838,0.030817632943463846,0.0789344744250613,0.04485296616839829,0.08269679068767921
2.356312625250501,0.6013088990595945,0.6630184583567836,0.6226429040445227,0.6668529057015371,0.029820213561155384,0.0780990827113831,0.043845983880315686,0.0818905175805229
2.384168336673347,0.5996382193948323,0.6621642013705809,0.6212552634001414,0.6660487292395221,0.028838170808824115,0.07726735883326008,0.04284935756019714,0.0810874676345803
2.4120240480961925,0.5979652196493407,0.6613088850601357,0.6198656353364931,0.6652435860570148,0.027871572590776217,0.07643931863922171,0.04186313547828724,0.08028765446681141
2.4398797595190382,0.5962899356378217,0.6604525137094918,0.6184740398324313,0.6644374796878085,0.026920485858367815,0.07561497793245697,0.04088736548624783,0.07949109166004398
2.467735470941884,0.5946124033837719,0.6595950916286908,0.6170804969920424,0.6636304136867767,0.02598497659992327,0.07479435247018862,0.03992209501217159,0.07869779276249611
2.4955911823647297,0.592932659116614,0.6587366231537176,0.6156850270436349,0.6628223916298356,0.02506510983077548,0.07397745796304622,0.03896737105562609,0.07790777128730086
2.5234468937875754,0.5912507392687918,0.6578771126464433,0.6142876503387144,0.6620134171139056,0.024160949583426072,0.0731643100744408,0.038023240182729845,0.07712104071202763
2.551302605210421,0.589566680472825,0.6570165644945676,0.612888387350941,0.6612034937568713,0.023272558897834972,0.07235492441994074,0.03708974852126179,0.07633761447820597
2.579158316633267,0.5878805195583257,0.6561549831115586,0.6114872586750709,0.6603926251975409,0.02239999981183538,0.0715493165666442,0.03616694175580304,0.07555750599084876
2.607014028056112,0.5861922935489772,0.6552923729365937,0.6100842850258826,0.6595808150956061,0.021543333351679683,0.07074750203255675,0.035254865122915646,0.07478072861797669
2.6348697394789578,0.5845020396594756,0.6544287384344961,0.6086794872370858,0.6587680671315976,0.02070261952271968,0.06994949628596725,0.03435356340635409,0.0740072956901412
2.6627254509018035,0.5828097952924344,0.6535640840956731,0.6072728862602166,0.6579543850068442,0.01987791730022126,0.0691553147448225,0.03346308093231665,0.07323722049994819
2.690581162324649,0.5811155980352525,0.652698414436051,0.6058645031635145,0.6571397724434271,0.01906928462031776,0.06836497277610665,0.032583461564729355,0.07247051630158396
2.718436873747495,0.5794194856569471,0.6518317339970096,0.6044543591307865,0.6563242331841356,0.018276778371104863,0.06757848569521785,0.031714748700573336,0.07170719631033762
2.7462925851703406,0.5777214961049499,0.6509640473453155,0.6030424754602527,0.6555077709924206,0.01750045438387615,0.06679586876534671,0.03085698526524694,0.07094727370212772
2.7741482965931863,0.57602166750187,0.6500953590730535,0.6016288735633795,0.6546903896523484,0.01674036742450613,0.06601713719685476,0.03001021370797019,0.07019076161302684
2.802004008016032,0.5743200381422213,0.6492256737975582,0.6002135749636953,0.6538720929685526,0.015996571184979658,0.06524230614665605,0.029174475997229,0.06943767313878713
2.8298597194388777,0.5726166464891174,0.6483549961613414,0.5987966012955923,0.6530528847661854,0.01526911827507238,0.06447139071759578,0.028349813616260766,0.06868802133436702
2.8577154308617234,0.570911531170932,0.6474833308320225,0.5973779743031128,0.652232768890868,0.014558060214182267,0.06370440595783333,0.02753626755858285,0.0679418192134571
2.885571142284569,0.5692047309779281,0.646610682502253,0.5959577158387206,0.65141174920864,0.013863447423316577,0.06294136686022345,0.026733878323564886,0.0671990797480071
2.913426853707415,0.5674962848588552,0.6457370558896435,0.5945358478620577,0.6505898296059082,0.013185329217235031,0.06218228836170048,0.025942685912043073,0.06645981586775385
2.9412825651302605,0.5657862319175131,0.6448624557366873,0.5931123924386865,0.6497670139893942,0.01252375379675219,0.06142718534266167,0.02516272982198209,0.065724040459749
2.9691382765531062,0.564074611409288,0.6439868868106834,0.5916873717388176,0.648943306286081,0.011878768241200155,0.060676072626352995,0.024394049044180743,0.0649917663678874
2.996993987975952,0.562361462737657,0.6431103539036582,0.5902608080360221,0.6481187104431587,0.011250418501054904,0.059928964978255284,0.023636682058024494,0.06426300639243654
3.0248496993987977,0.5606468254506621,0.6422328618322861,0.588832723705932,0.6472932304279702,0.010638749390728064,0.05918587710547163,0.0228906668272868,0.06353777328956611
3.0527054108216434,0.558930739237358,0.6413544154378079,0.5874031412249241,0.6464668702279537,0.010043804581523874,0.05844682365611509,0.02215604079597633,0.06281607977087844
3.080561122244489,0.5572132439242293,0.64047501958595,0.5859720831687912,0.6456396338505874,0.009465626594767684,0.057711819218699945,0.021432840884234805,0.06209793850293954
3.108416833667335,0.5554943794715816,0.6395946791668393,0.5845395722114,0.6448115253233307,0.008904256795104426,0.05698087832153065,0.020721103484284242,0.061383362106810835
3.1362725450901805,0.5537741859699058,0.6387133990949202,0.5831056311233338,0.6439825486935657,0.008359735383968725,0.056254015432095406,0.020020864456423926,0.06067236315758173
3.164128256513026,0.552052703636215,0.6378311843088675,0.5816702827705232,0.6431527080285373,0.007832101393231206,0.05553124495645856,0.01933215912508013,0.05996495418390224
3.191983967935872,0.5503299728103577,0.6369480397714999,0.5802335501128634,0.6423220074152933,0.00732139267902121,0.05481258123865651,0.018655022274905675,0.05926114766751833
3.2198396793587176,0.5486060339513052,0.636063970469691,0.5787954562028169,0.6414904509606221,0.006827645915725933,0.05409803856009243,0.017989488146935573,0.05856095604280531
3.2476953907815633,0.5468809276334153,0.6351789814142801,0.5773560241840054,0.6406580427909905,0.006350896590172295,0.053387631138934966,0.01733559043479216,0.05786439169630386
3.275551102204409,0.5451546945426725,0.6342930776399808,0.5759152772897874,0.6398247870524811,0.005891178995987012,0.052681373129516484,0.01669336228094842,0.05717146696625752
3.3034068136272547,0.5434273754729061,0.6334062642052891,0.5744732388418234,0.6389906879107272,0.005448526228142625,0.05197927862173424,0.01606283627304328,0.056482194142148945
3.3312625250501,0.5416990113219861,0.63251854619239,0.5730299322486295,0.6381557495508479,0.005022970177685826,0.05128136164045216,0.015444044440255156,0.0557965854642386
3.3591182364729457,0.5399696430879976,0.6316299287070624,0.5715853810041174,0.6373199761773821,0.004614541526654303,0.05058763614490436,0.014837018249729494,0.055114653123104596
3.3869739478957914,0.5382393118653962,0.6307404168785834,0.5701396086861239,0.6364833720142218,0.004223269743178215,0.049898116028101125,0.014241788603065464,0.054436409259181806
3.414829659318637,0.5365080588411423,0.629850015859631,0.5686926389549268,0.635645941304544,0.0038491830767737323,0.04921281511623499,0.013658385832859388,0.0537618659623047
3.442685370741483,0.5347759252908179,0.6289587308261855,0.5672444955517508,0.6348076883107419,0.0034923085538245413,0.04853174716809039,0.013086839699307573,0.05309103527124881
3.4705410821643286,0.5330429525747238,0.6280665669774302,0.5657952022972608,0.6339686173143552,0.0031526719732557495,0.04785492587445361,0.012527179386867093,0.052423929173273986
3.4983967935871743,0.531309182133961,0.6271735295356501,0.5643447830900439,0.6331287326159997,0.0028302979024001917,0.04718236485752547,0.011979433500977299,0.051760559603669654
3.52625250501002,0.5295746554864957,0.6262796237461298,0.5628932619050812,0.632288038535296,0.002525209673060136,0.04651407767033544,0.011443630064842059,0.05110093844530006
3.5541082164328657,0.5278394142232065,0.6253848548770501,0.5614406627922073,0.6314465394107965,0.002237429377761835,0.04585007779615746,0.01091979651627284,0.05044507752815086
3.5819639278557114,0.526103500003919,0.6244892282193832,0.5599870098745607,0.6306042395999129,0.0019669778662082527,0.04519037864792841,0.01040795970459274,0.049792988628878154
3.609819639278557,0.5243669545534255,0.6235927490867873,0.5585323273470225,0.6297611434788412,0.0017138747419276346,0.04453499356766788,0.00990814588760447,0.049144683470356276
3.637675350701403,0.5226298196574912,0.622695422815499,0.5570766394746449,0.6289172554424874,0.0014781383591205843,0.04388393582590022,0.009420380728619948,0.0485001737212295
3.6655310621242485,0.5208921371588479,0.6217972547642249,0.5556199705910702,0.6280725799043911,0.0012597858197074263,0.043237218621078766,0.008944689293554298,0.047859470995463615
3.693386773547094,0.5191539489531758,0.6208982503140327,0.5541623450969396,0.6272271212966489,0.0010588329705729649,0.04259485507901195,0.00848109604808478,0.047222586851898285
3.72124248496994,0.517415296985076,0.6199984148682398,0.5527037874582925,0.6263808840698363,0.0008752944010141928,0.04195685825229223,0.008029624854871242,0.04658953279380251
3.7490981963927856,0.5156762232440303,0.6190977538523016,0.551244322204956,0.6255338726929295,0.0007091834403881725,0.04132324111972574,0.00759029897084651,0.04596032026843022
3.7769539078156313,0.5139367697603541,0.6181962727136983,0.5497839739289253,0.6246860916532253,0.0005605121559629778,0.04069401658576577,0.007163141044568944,0.04533496066657605
3.804809619238477,0.5121969786011396,0.6172939769218205,0.5483227672827358,0.6238375454562616,0.0004292913509698071,0.04006919747994808,0.006748173113642952,0.04471346532213638
3.8326653306613228,0.510456891866192,0.6163908719678537,0.5468607269778252,0.622988238625735,0.00031553056286059977,0.039448796556327936,0.006345416602206333,0.044095845511667564
3.8605210420841685,0.5087165516839592,0.6154869633646611,0.545397877782888,0.6221381757034199,0.00021923806176626925,0.038832826492919637,0.0059548923184848945,0.04348211245394862
3.888376753507014,0.5069760002074543,0.6145822566466664,0.5439342445222215,0.621287361249084,0.0001404208491637693,0.03822129989114009,0.005576620452414471,0.04287227730954313
3.91623246492986,0.5052352796101747,0.6136767573697339,0.5424698520740637,0.6204357998404056,7.90846567422232e-05,0.03761422927525171,0.005210620573332436,0.042266351180364925
3.9440881763527056,0.503494432082016,0.6127704711110484,0.5410047253689226,0.6195834960728882,3.5233945478885254e-05,0.03701162709181083,0.004856911627737492,0.041664345109243994
3.9719438877755513,0.501753499825183,0.6118634034689937,0.5395388893878995,0.6187304545597749,8.871904916940565e-06,0.036413505709117056,0.004515511937118077,0.04106627007949404
3.999799599198397,0.5000125250500975,0.6109555600630302,0.5380723691610033,0.6178766799319622,4.526510277713669e-10,0.03581987741666626,0.004186439195851932,0.04047213701448227
4.027655310621242,0.49827154997130535,0.6100469465335703,0.5366051897654583,0.6170221768379119,8.620234016043504e-06,0.03523075442460355,0.0038697104691749473,0.03988195677720041
4.0555110220440875,0.49653061680338156,0.6091375685418536,0.5351373763240058,0.6161669499435637,3.473062198389165e-05,0.0346461488631834,0.003565342191220622,0.03929574016983717
4.083366733466933,0.4947897677568362,0.6082274317698217,0.5336689540031976,0.6153110039322451,7.832971726484672e-05,0.034066072782228396,0.003273350163130906,0.03871349793335299
4.111222444889779,0.49304904503402147,0.6073165419199893,0.5321999480116841,0.6144543435045825,0.00013941434861330926,0.03349053815059233,0.0029937495512379897,0.03813524074705643
4.139078156312625,0.49130849082503897,0.6064049047153164,0.5307303835984966,0.6135969733784093,0.00021798007334195013,0.03291955685562642,0.0027265548853189214,0.0375609792281818
4.16693386773547,0.48956814730365117,0.6054925258990788,0.5292602860513218,0.612738898288675,0.00031402117803858154,0.03235314070264872,0.002471780056920392,0.036990723931469516
4.194789579158316,0.4878280566231949,0.6045794112347369,0.5277896806947733,0.6118801229873524,0.00042753067948975154,0.03179130141441355,0.0022294383177583477,0.03642448534874754
4.222645290581162,0.4860882609125003,0.603665566505804,0.5263185928886551,0.6110206522433438,0.0005585003258090637,0.03123405063058826,0.0019995422781879935,0.035862273908514375
4.2505010020040075,0.4843488022718136,0.6027509975157138,0.524847048026222,0.6101604908423874,0.0007069205977692228,0.030681399907229512,0.0017821039057492882,0.035304099975525305
4.278356713426853,0.48260972276872643,0.6018357100876844,0.5233750715324335,0.6092996435869619,0.0008727807103396934,0.03013336071626327,0.0015771345237838297,0.03474997385037926
4.306212424849699,0.48087106443411237,0.6009197100645854,0.5219026888622039,0.6084381152961904,0.0010560686144268638,0.02958994444496943,0.0013846448101266784,0.03419990576910814
4.334068136272545,0.4791328692580694,0.6000030033087993,0.5204299254986484,0.6075759108057442,0.0012567709988182685,0.029051162395467234,0.0012046447958717899,0.03365390590276829
4.36192384769539,0.4773951791858729,0.5990855957020853,0.5189568069513233,0.606713034967745,0.0014748732923295371,0.028517025784205785,0.0010371438642111652,0.033111984357033775
4.389779559118236,0.47565803611393553,0.5981674931454403,0.5174833587544645,0.6058494926506659,0.0017103596661524056,0.02798754574145601,0.0008821507493494973,0.032574151171790744
4.417635270541082,0.47392148188577976,0.5972487015589589,0.5160096064652205,0.604985288739233,0.0019632130364064526,0.027462733310806953,0.0007396735354926465,0.032040416320736176
4.4454909819639274,0.4721855582880187,0.5963292268816931,0.5145355756618836,0.6041204281343251,0.0022334150668886776,0.026942599448665505,0.0006097196559116114,0.03151078971097654
4.473346693386773,0.47045030704635027,0.5954090750715098,0.5130612919421165,0.6032549157528723,0.002520946172024807,0.026427155023758475,0.00049229589208033,0.03098528118262911
4.501202404809619,0.4687157698215631,0.5944882521049482,0.5115867809211769,0.6023887565277556,0.0028257855200191084,0.025916410816637647,0.0003874083728907518,0.030463900508426622
4.529058116232465,0.46698198820555625,0.5935667639770756,0.5101120682301402,0.6015219554077027,0.003147911036203044,0.025410377519190508,0.0002950625739419621,0.029946657393321807
4.55691382765531,0.4652490037173727,0.5926446167013425,0.5086371795141172,0.6006545173571863,0.003487299406579991,0.024909065734151303,0.00021526331690457923,0.029433561474096925
4.584769539078156,0.46351685779924745,0.5917218163094359,0.5071621404304736,0.599786447356319,0.0038439260815663623,0.024412485974618425,0.00014801476896231236,0.028924622318972415
4.612625250501002,0.4617855918126719,0.5907983688511326,0.5056869766470439,0.5989177504007488,0.004217765279929342,0.02392064866357213,9.332044232746028e-05,0.02841984942722109
4.640480961923847,0.46005524703447476,0.5898742803941507,0.5042117138403465,0.5980484315015534,0.004608789992916362,0.023433564133399365,5.118319383479175e-05,0.027919252228781888
4.668336673346693,0.45832586465291886,0.5889495570240002,0.502736377693796,0.5971784956851337,0.0050169719885785335,0.02295124262541881,2.1605224608256535e-05,0.027422840083877187
4.696192384769539,0.4565974857638183,0.5880242048438331,0.5012609938959152,0.5963079479931064,0.00544228181628692,0.022473694289411816,4.588079806855383e-06,0.02693062228263232
4.7240480961923845,0.4548701513666724,0.5870982299742912,0.49978558813854607,0.5954367934821965,0.00588468881143589,0.022000929183155327,1.3264844467286707e-07,0.026442608044698
4.75190380761523,0.45314390236082025,0.5861716385533546,0.49831018611506,0.5945650372241276,0.006344161100338752,0.021532957271960917,8.239163287626639e-06,0.02595880651887339
4.779759519038076,0.4514187795416148,0.585244436736188,0.4968348135185688,0.5936926843055133,0.006820665605308696,0.021069788428213276,2.890720082704412e-05,0.02547922678273362
4.807615230460922,0.4496948235966195,0.5843166306949859,0.49535949604013363,0.592819739827746,0.007314168049927572,0.020611432430917342,6.213568132773517e-05,0.02500387784225866
4.835470941883767,0.4479720751018249,0.5833882266188176,0.4938842593669771,0.5919462089068868,0.007824632964497757,0.02015789896524578,0.00010792286895422443,0.024532768631464585
4.863326653306613,0.44625057451788896,0.5824592307134714,0.492409129180694,0.5910720966735522,0.008352023691677757,0.019709197622091446,0.00016626637197192373,0.024065908012037895
4.891182364729459,0.4445303621864007,0.5815296492012959,0.49093413115546297,0.590197408272803,0.008896302392300215,0.019265337897623525,0.00023716314302513197,0.0236033047729719
4.9190380761523045,0.44281147832616685,0.580599488321043,0.4894592909562596,0.58932214886403,0.009457430051367899,0.018826329192848212,0.000320609479490086,0.023144967630206348
4.94689378757515,0.4410939630295247,0.5796687543277076,0.48798463423707167,0.58844632362084,0.010035366484229757,0.018392180813171732,0.00041660102390506104,0.022690905226268043
4.974749498997996,0.439377856258679,0.5787374534923685,0.48651018663911444,0.5875699377309416,0.010630070342932063,0.017962901967969902,0.0005251327644756332,0.022241126129916022
5.002605210420842,0.4376631978420653,0.5778055921020259,0.4850359737890492,0.5866929963960286,0.011241499122745302,0.01753850177015792,0.0006461990356558811,0.021795638835788278
5.030460921843687,0.43595002747074135,0.5768731764594405,0.483562021297203,0.5858155048316643,0.011869609168862594,0.017118989235768267,0.0007797935188064153,0.021354451764051374
5.058316633266533,0.4342383846948034,0.5759402128829695,0.4820883547557914,0.5849374682671651,0.012514355683271416,0.016704373283529472,0.000925909242925016,0.020917573260051947
5.086172344689379,0.43252830891983357,0.5750067077064036,0.48061499973714394,0.5840588919454808,0.013175692731790756,0.016294662734450904,0.0010845385854565404,0.020485011593972757
5.1140280561122236,0.43081983940337365,0.5740726672788012,0.4791419817919322,0.5831797811230787,0.013853573251279228,0.015889866311411205,0.0012556732731746623,0.0200567749604893
5.141883767535069,0.4291130152514296,0.5731380979643234,0.4776693264474005,0.5823001410698222,0.014547949057005627,0.01548999263874995,0.0014393043831406604,0.01963287147843118
5.169739478957915,0.42740787541500563,0.5722030061420664,0.47619705920560185,0.5814199770688523,0.015258770850184122,0.015095050241864305,0.0016354223437360371,0.019213309190444616
5.197595190380761,0.4257044586866697,0.5712673982058952,0.474725205541636,0.5805392944164667,0.015985988225669545,0.014705047546810679,0.0018440169357700764,0.018798096062658587
5.225450901803606,0.4240028036971488,0.5703312805642742,0.4732537909018916,0.5796580984219979,0.016729549679810995,0.014319992879908927,0.002065077293662787,0.018387239984353432
5.253306613226452,0.42230294891195813,0.5693946596400982,0.47178284070229354,0.5787763944076925,0.0174894026184651,0.013939894467352332,0.0022985919066995653,0.017980748767632893
5.281162324649298,0.4206049326280612,0.5684575418705222,0.4703123803265539,0.5778941877085874,0.018265493365158925,0.0135647604348208,0.0025445486203619083,0.017578630147098595
5.3090180360721435,0.41890879297056344,0.5675199337067907,0.46884243512442775,0.5770114836723871,0.01905776716941021,0.013194598807099167,0.0028029346377314024,0.017180891779527085
5.336873747494989,0.41721456788944045,0.5665818416140653,0.4673730304099748,0.5761282876593399,0.01986616821519449,0.012829417507699392,0.0030737365209665413,0.016787541243550863
5.364729458917835,0.4155222951562992,0.5656432720712529,0.46590419145982487,0.5752446050421125,0.02069063962956008,0.012469224358488074,0.0033569401928517095,0.016398586039340746
5.392585170340681,0.4138320123611744,0.5647042315708307,0.46443594351144973,0.5743604412056655,0.021531123491390414,0.012114027079316525,0.003652530938421439,0.016014033588292342
5.420440881763526,0.41214375690936045,0.5637647266186739,0.46296831176144104,0.5734758015471273,0.02238756084030724,0.011763833287658176,0.003960493406654053,0.015633891232716413
5.448296593186372,0.41045756601827965,0.562824763733879,0.4615013213637935,0.5725906914756671,0.023259891685715295,0.011418650498246974,0.004280811612239699,0.015258166235529336
5.476152304609218,0.4087734767143853,0.5618843494485883,0.4600349974281945,0.5717051164123682,0.024148055015985825,0.011078486122723996,0.004613468937418652,0.014886865779949687
5.5040080160320635,0.40709152583010344,0.5609434903078139,0.45856936501831996,0.5708190817900997,0.02505198880777393,0.010743347469285958,0.004958448133891569,0.014519996969196258
5.531863727454909,0.40541175000081076,0.560002192869259,0.4571044491501383,0.5699325930533883,0.025971630035471538,0.010413241742338597,0.005315731324799788,0.014157566826189405
5.559719438877755,0.4037341856618508,0.559060463703141,0.4556402747902192,0.5690456556582892,0.026906914680788985,0.010088176042156727,0.005685300006777583,0.013799582293255286
5.587575150300601,0.40205886904558846,0.5581183093920117,0.4541768668540513,0.5681582750722565,0.027857777742465784,0.009768157364546282,0.006067135052073125,0.013446050231833873
5.615430861723446,0.4003858361785033,0.5571757365305776,0.4527142502043665,0.567270456774012,0.028824153246106876,0.00945319260051336,0.006461216710739404,0.013096977422189737
5.643286573146292,0.3987151228783221,0.55623275172552,0.45125244964947225,0.5663822062534157,0.029805974254141554,0.009143288535935712,0.006867524612894971,0.012752370563126059
5.671142284569138,0.39704676475119044,0.5552893615953133,0.4497914899415917,0.5654935290113332,0.030803172875903617,0.008838451851240992,0.007286037771052856,0.012412236271701182
5.698997995991983,0.3953807971888855,0.5543455727700433,0.44833139577521225,0.5646044305595038,0.031815680277826885,0.008538689121088572,0.007716734582517537,0.012076581082950066
5.726853707414829,0.3937172553660684,0.5534013918912246,0.44687219178544163,0.563714916420408,0.032843426693759614,0.008244006814057014,0.008159592831850304,0.011745411449606724
5.754709418837675,0.3920561742375775,0.5524568256116176,0.44541390254637353,0.5628249921271343,0.033886341435386935,0.007954411292335095,0.008614589693402008,0.011418733741831888
5.7825651302605205,0.3903975885357639,0.5515118805950439,0.4439565525694618,0.5619346632232449,0.03494435290276665,0.007669908811418935,0.009081701733910319,0.011096554246942558
5.810420841683366,0.3887415327678668,0.5505665635162021,0.4425001663019039,0.5610439352626418,0.03601738859496928,0.007390505519813573,0.009560904915167479,0.010778879169145994
5.838276553106212,0.38708804121343254,0.549620881060483,0.44104476812503207,0.5601528138094314,0.03710537512082457,0.007116207458739421,0.010052174596749897,0.010465714629275702
5.866132264529058,0.385437147921775,0.5486748399237825,0.43959038235271714,0.5592613044377894,0.0382082382097666,0.0068470205618428315,0.01055548553881458,0.010157066664532088
5.893987975951903,0.3837888867094787,0.547728446812316,0.43813703322977865,0.5583694127318245,0.03932590272278036,0.006582950654913433,0.011070811904959732,0.009852941228225776
5.921843687374749,0.38214329115794543,0.5467817084424308,0.4366847449304074,0.5574771442854416,0.04045829266344336,0.006324003455604688,0.011598127265149749,0.009553344189523916
5.949699398797595,0.38050039461098306,0.5458346315404183,0.4352335415565966,0.5565845047022053,0.041605331189058514,0.006070184573160553,0.012137404598703716,0.009258281333201168
5.9775551102204405,0.37886023017243925,0.5448872228423257,0.4337834471365844,0.5556914995952016,0.04276694062187991,0.005821499508146477,0.012688616297345412,0.00896775835939212
6.005410821643286,0.37722283070387774,0.5439394890937668,0.4323344856233062,0.5547981345869001,0.043943042460424575,0.00557795365218583,0.013251734168317597,0.008681780883349588
6.033266533066132,0.3755882288222996,0.5429914370497325,0.4308866808928587,0.553904415309015,0.04513355739086844,0.005339552287700999,0.013826729437556473,0.008400354435203816
6.061122244488978,0.3739564568979079,0.542043073474401,0.42944005674297336,0.553010347402367,0.04633840529852595,0.005106300587660373,0.014413572752926651,0.008123484459727437
6.088977955911823,0.3723275470519183,0.541094405140946,0.42799463689150274,0.5521159365167416,0.047557505279406276,0.004878203615329646,0.01501223418751918,0.007851176316101993
6.116833667334669,0.37070153115441273,0.5401454388313466,0.42655044497491706,0.5512211883107511,0.04879077565184731,0.00465526632402824,0.015622683243005087,0.007583435277689787
6.144689378757515,0.36907844082223945,0.539196181336195,0.4251075045468127,0.5503261084516924,0.050038133968221765,0.004437493556891492,0.016244888853051864,0.0073202665318067295
6.1725450901803605,0.36745830741695773,0.5382466394545039,0.42366583907643257,0.5494307026154072,0.051299497026714436,0.004224890046637508,0.016878819386795918,0.007061675179502291
6.200400801603206,0.36584116204282785,0.537296819993514,0.4222254719471982,0.5485349764861389,0.05257478088316647,0.004017460415339569,0.01752444265237285,0.006807666235339349
6.228256513026052,0.36422703554484676,0.5363467297685004,0.42078642645525416,0.5476389357563921,0.053863900862984204,0.0038152091742029715,0.018181725900506596,0.006558244627179799
6.256112224448898,0.36261595850682943,0.535396375602579,0.4193487258080244,0.5467425861267893,0.055166771573109674,0.0036181407233486507,0.018850635828151052,0.006313415195973615
6.283967935871743,0.361007961249536,0.5344457643265117,0.4179123931227813,0.5458459333059278,0.05648330691405046,0.003426259351599903,0.019531138582192575,0.00607318269555035
6.311823647294589,0.359403073828845,0.5334949027785122,0.4164774514252279,0.5449489830102371,0.05781342009196544,0.0032395692362765516,0.020223199763201527,0.0058375517924154074
6.339679358717435,0.3578013260339726,0.5325437978040504,0.4150439236480919,0.5440517409638344,0.05915702363080222,0.0030580744429925533,0.02092678442924234,0.005606527065549427
6.36753507014028,0.3562027473857379,0.5315924562556561,0.41361183262973356,0.5431542128983806,0.06051402938448747,0.0028817789254602655,0.02164185709973432,0.005380113006211329
6.395390781563126,0.35460736713487473,0.5306408849927243,0.41218120111276646,0.5422564045529361,0.06188434854916236,0.0027106865252993773,0.02236838175936673,0.005158314017745247
6.423246492985972,0.3530152142603899,0.5296890908813172,0.4107520517426913,0.5413583216738154,0.06326789167546298,0.002544800971851169,0.023106321862064183,0.004941134415391124
6.4511022044088175,0.3514263174679673,0.5287370807939679,0.40932440706654394,0.5404599700144413,0.06466456868084403,0.0023841258819981004,0.023855640335004202,0.004728578426098418
6.478957915831663,0.34984070518841937,0.5277848616094828,0.40789828953155627,0.5395613553352001,0.06607428886193811,0.002228664759989618,0.02461629958268463,0.004520650188344022
6.506813627254509,0.34825840557618426,0.5268324402127441,0.4064737214838314,0.5386624834032944,0.06749696090695512,0.002078420997271513,0.025388261491040565,0.004317353751954522
6.534669338677354,0.34667944650787014,0.5258798234945115,0.4050507251670326,0.537763359992597,0.06893249290811088,0.0019333978723228284,0.026171487431610796,0.0041186930779306685
6.5625250501001995,0.34510385558084544,0.5249270183512234,0.40362932272108665,0.5368639908835041,0.07038079237408901,0.0017935985504964336,0.026965938265749778,0.003924672038276844
6.590380761523045,0.3435316601118766,0.5239740316847986,0.40220953618090094,0.5359643818627878,0.07184176624252858,0.001659026083865811,0.027771574348889994,0.0037352944158338675
6.618236472945891,0.34196288713581147,0.5230208704024368,0.4007913874750955,0.5350645387234486,0.07331532089253656,0.0015296834110779534,0.028588355534848287,0.0035505639041151227
6.646092184368737,0.3403975634043097,0.5220675414164189,0.39937489842474927,0.534164467264567,0.07480136215722388,0.0014055733572095885,0.029416241180178382,0.0033704841071477976
6.673947895791582,0.3388357153846195,0.5211140516439074,0.3979600907421608,0.5332641732911556,0.07629979533625952,0.0012866986336315112,0.03025519014856881,0.0031950585393165643
6.701803607214428,0.33727736925840096,0.5201604080067467,0.3965469860296247,0.5323636626140108,0.07781052520843923,0.0011730618378764657,0.031105160815282584,0.0030242906252109236
6.729659318637274,0.3357225509205957,0.5192066174312615,0.3951356057782215,0.5314629410495628,0.07933345604427178,0.001064665453512581,0.03196611107164271,0.002858183699478656
6.757515030060119,0.3341712859783431,0.5182526868480573,0.39372597136662424,0.5305620144197272,0.08086849161857201,0.0009615118500243547,0.032837998329557916,0.0026967410066791597
6.785370741482965,0.33262359974994204,0.5172986231918186,0.392318104059919,0.5296608885517552,0.08241553522306622,0.0008636032826963014,0.03372077952608932,0.0025399657011453414
6.813226452905811,0.3310795172638596,0.5163444334011084,0.3909120250084414,0.5287595692780837,0.08397448967899968,0.0007709418925041511,0.034614411128060185,0.002387860846844725
6.841082164328657,0.3295390632577858,0.515390124418166,0.38950775524662806,0.5278580624361848,0.08554525734974827,0.0006835297060103773,0.03551884913670256,0.0022404294172485573
6.868937875751502,0.32800226217773365,0.5144357031887058,0.3881053156918838,0.5269563738684161,0.0871277401534305,0.0006013686352666081,0.036434049092342935,0.0020976742952016902
6.896793587174348,0.32646913817718537,0.5134811766617156,0.3867047271434649,0.5260545094218693,0.08872183957551727,0.0005244604777194795,0.03735996607912817,0.001959598272797569
6.924649298597194,0.3249397151162846,0.5125265517892534,0.3853060102813772,0.5251524749482196,0.09032745668143582,0.0004528069161244819,0.03829655472978544,0.0018262040512575517
6.952505010020039,0.32341401656107355,0.5115718355262469,0.3839091856652907,0.5242502763035747,0.09194449212916633,0.0003864095184634708,0.03924376923042061,0.0016974942408132243
6.980360721442885,0.3218920657827759,0.5106170348302889,0.3825142737334699,0.5233479193483226,0.09357284618182882,0.0003252697378689495,0.0402015633253503,0.0015734713605934925
7.008216432865731,0.32037388575712494,0.5096621566614365,0.38112129480172036,0.5224454099469803,0.09521241872025632,0.00026938891255245956,0.04116989032196949,0.0014541378385148906
7.0360721442885765,0.31885949916373635,0.5087072079820074,0.37973026906235074,0.5215427539680425,0.0968631092555533,0.00021876826574118713,0.042148703095651885,0.0013394960111760001
7.063927855711422,0.3173489283855263,0.507752195756377,0.3783412165831521,0.5206399572838283,0.0985248169416364,0.00017340890561667877,0.043137954094682796,0.0012295481237560857
7.091783567134268,0.31584219550817394,0.5067971269507756,0.37695415730639253,0.5197370257703294,0.10019744058775415,0.00013331182526177265,0.04413759534522532,0.0011242963299172848
7.119639278557114,0.31433932231962813,0.505842008533085,0.37556911104782836,0.5188339653070582,0.10188087867098483,9.8477902612637e-05,0.04514757845631512,0.001023742691711016
7.147494989979959,0.31284033030965863,0.5048868474726358,0.37418609749573256,0.5179307817768934,0.10357502934870899,6.890790041547135e-05,0.04616785462488604,0.0009278891794886057
7.175350701402805,0.31134524066945146,0.5039316507400026,0.37280513620993866,0.5170274810659288,0.10527979047105318,4.4602466189536116e-05,0.04719837464082599,0.0008367376718150243
7.203206412825651,0.3098540742912474,0.5029764253068023,0.3714262466209017,0.516124069063319,0.10699505959330535,2.556213219551129e-05,0.0482390888920593,0.0007502899553875064
7.2310621242484965,0.30836685176802436,0.5020211781454897,0.3700494480287758,0.5152205516611266,0.1087207339882974,1.1787315410516364e-05,0.049289947369657194,0.0006685477249575023
7.258917835671342,0.30688359339322313,0.501065916229154,0.36867475960250884,0.5143169347541686,0.11045671065875196,3.278317506127948e-06,0.05035089967297379,0.0005915125832574031
7.286773547094188,0.3054043191605157,0.500110646531315,0.36730220037895295,0.5134132242398632,0.1122028863495943,3.532483527912689e-08,0.05142189501480943,0.0005191860409299309
7.314629258517034,0.3039290487636165,0.4991553760257199,0.36593178926199293,0.5125094260180751,0.11395915756022323,2.058408422378477e-06,0.05250288222659616,0.0004515695164630795
7.342484969939879,0.30245780159613606,0.4982001116861398,0.36456354502169086,0.5116055459909626,0.11572542055674195,9.347523959979398e-06,0.05359380976360861,0.0003886643361277198
7.370340681362725,0.30099059675147666,0.49724486048616534,0.3631974862934477,0.5107015900628231,0.11750157138414374,2.1902511811333625e-05,0.054694625710197675,0.0003304717339205343
7.398196392785571,0.2995274530227698,0.4962896293990034,0.36183363157718224,0.509797564139939,0.11928750587845349,3.972309701716359e-05,0.055805277785044294,0.0002769928515097275
7.426052104208416,0.2980683889028553,0.4953344253972741,0.36047199923652673,0.5088934741304236,0.12108311967882046,6.280888931042838e-05,0.05692571334643559,0.0002282287381849546
7.453907815631262,0.2966134225843015,0.494379255452806,0.3591126074980397,0.5079893259440664,0.12288830823956065,9.115938313408734e-05,0.05805587939756185,0.00018418035081257944
7.481763527054108,0.2951625719594663,0.493424126536434,0.3577554744504356,0.5070851254921792,0.12470296684214777,0.0001247739576665241,0.059195722591830924,0.0001448485537927091
7.509619238476954,0.2937158546205987,0.4924690456177946,0.3564006180438324,0.5061808786874411,0.12652699060715067,0.00016365187685107863,0.06034518923820109,0.00011023411902288949
7.537474949899799,0.2922732878599807,0.4915140196651232,0.35504805608901496,0.5052765914437443,0.12836027450611143,0.00020779228943279549,0.06150422530653299,8.03377258633553e-05
7.565330661322645,0.2908348886701087,0.49055905564505115,0.35369780625671715,0.504372269676039,0.13020271337337008,0.00025719422899839195,0.06267277643295566,5.515996110738719e-05
7.593186372745491,0.28940067374391504,0.48960416052240124,0.35234988607691975,0.5034679193001788,0.1320542019178248,0.0003118566140251078,0.0638507879252499,3.470131895677575e-05
7.621042084168336,0.28797065947502776,0.4886493412599862,0.35100431293816664,0.5025635462327664,0.13391463473463294,0.0003717782479317755,0.06503820476824651,1.896220099939505e-05
7.648897795591182,0.28654486195806983,0.4876946048184044,0.3496611040868974,0.5016591563909981,0.13578390631684756,0.0004369578191376622,0.06623497162923542,7.942916191439053e-06
7.676753507014028,0.2851232969889967,0.4867399581558381,0.3483202766267978,0.5007547556925093,0.1376619110669861,0.0005073939011264184,0.06744103286339187,1.6436808448760942e-06
7.7046092184368735,0.2837059800654712,0.4857854082278501,0.34698184751816724,0.49985035005521944,0.13954854330853617,0.0005830849525144677,0.06865633251921155,6.461861756790199e-08
7.732464929859719,0.28229292638727727,0.48483096198718145,0.3456458335773032,0.4989459453971774,0.14144369729738537,0.0006640293171276124,0.06988081434395754,3.2057605074964357e-06
7.760320641282565,0.28088415085676965,0.4838766263835489,0.34431225147590366,0.4980415476364067,0.14334726723318814,0.0007502252240801921,0.07111442178911864,1.1067044851875707e-05
7.788176352705411,0.2794796680793612,0.48292240836344313,0.3429811177404857,0.49713716269074953,0.14525914727065148,0.0008416707878613483,0.07235709801587598,2.3648317329483248e-05
7.816032064128256,0.2780794923640465,0.4819683148699266,0.3416524487518224,0.49623279647771346,0.14717923153075296,0.0009383640084269507,0.07360878590057751,4.094933096832065e-05
7.843887775551102,0.27668363772396126,0.48101435284243166,0.3403262607443966,0.49532845491431526,0.1491074141118791,0.0010403027712966306,0.07486942804022179,6.296974615493944e-05
7.871743486973948,0.27529211787697755,0.48006052921655945,0.33900256980587135,0.49442414391692696,0.15104358910088667,0.001147484847656588,0.07613896675794762,8.970913065031727e-05
7.8995991983967935,0.27390494624633416,0.479106850923878,0.33768139187657836,0.49351986940112036,0.1529876505840858,0.0012599078944670605,0.07741734410852907,0.00012116695960839863
7.927454909819639,0.2725221359613019,0.4781533248917219,0.33636274274902345,0.4926156372815126,0.15493949265814067,0.0013775694545776762,0.07870450188387612,0.00015734261559863238
7.955310621242484,0.27114369985788284,0.47719995804299103,0.3350466380674084,0.49171145347161166,0.15689900944089008,0.0015004669568446927,0.08000038161853995,0.00019823538863428247
7.98316633266533,0.2697696504795437,0.47624675729595023,0.3337330933271713,0.490807323883661,0.15886609508208205,0.0016285977162573406,0.08130492459521999,0.0002438444762008496
8.011022044088175,0.268400000077983,0.4752937295640294,0.33242212387454273,0.48990325442848587,0.1608406437740253,0.0017619589340670538,0.08261807185027537,0.00029416898329404084
8.038877755511022,0.2670347606139308,0.47434088175562256,0.3311137449061199,0.48899925101533825,0.16282254976215216,0.0019005476979238045,0.0839397641792361,0.000349207922456074
8.066733466933867,0.2656739437579813,0.47338822077389014,0.3298079714684573,0.48809531955174257,0.16481170735549644,0.0020443609820167685,0.08526994214231687,0.00040896021382086367
8.094589178356713,0.26431756089145725,0.47243575351655737,0.32850481845767465,0.48719146594334145,0.16680801093707998,0.002193395647221319,0.08660854606992874,0.00047342468515987335
8.122444889779558,0.26296562310730687,0.4714834868757174,0.32720430061908184,0.4862876960937413,0.16881135497420796,0.0023476484412505716,0.08795551606819196,0.0005426000719335189
8.150300601202405,0.2616181412110307,0.4705314277376315,0.32590643254682045,0.48538401590435853,0.17082163402867656,0.0025071159988137026,0.08931079202444592,0.0006164850173462355
8.17815631262525,0.2602751257216408,0.4695795829825312,0.3246112286835227,0.4844804312742652,0.17283874276688316,0.0026717948417780413,0.09067431361275624,0.0006950780724057637
8.206012024048096,0.25893658687264876,0.46862795948442043,0.32331870331998674,0.4835769481000356,0.17486257596984545,0.0028416813793374907,0.09204602029942044,0.0007783776959863209
8.233867735470941,0.2576025346130849,0.467676564110878,0.3220288705948691,0.4826735722755923,0.17689302854312472,0.0030167719081866107,0.09342585134846626,0.0008663822548952149
8.261723446893788,0.25627297860854586,0.46672540372286075,0.3207417444943934,0.48177030969205265,0.17892999552665179,0.003197062612699364,0.09481374582714874,0.0009590900239445643
8.289579158316633,0.25494792824227186,0.4657744851745066,0.31945733885207644,0.480867166237575,0.18097337210445752,0.003382549565113191,0.09620964261143872,0.0010564991860260164
8.317434869739479,0.2536273926162516,0.4648238153129382,0.31817566734847014,0.47996414779720636,0.1830230536143047,0.003573228725719302,0.0976134803915063,0.0011586078321899063
8.345290581162324,0.2523113805523565,0.46387340097806734,0.3168967435109207,0.47906126025272844,0.18507893555721822,0.00376909594305741,0.09902519767719575,0.0012654139617285232
8.37314629258517,0.2509999005935007,0.46292324900239984,0.3156205807133435,0.4781585094825049,0.18714091360691887,0.00397014695411646,0.10044473280349431,0.0013769154822631524
8.401002004008015,0.24969296100482977,0.46197336621084,0.3143471921760155,0.4772559013613294,0.189208883619153,0.004176377384539354,0.10187202393598982,0.0014931102098348914
8.428857715430862,0.2483905697749347,0.46102375942049656,0.31307659096538265,0.47635344176027206,0.1912827416409223,0.004387782748834557,0.10330700907632084,0.0016139958689993517
8.456713426853707,0.24709273461709305,0.4600744354404886,0.31180878999388484,0.47545113654652793,0.19336238391960792,0.004604358450592816,0.10474962606761506,0.0017395700929262459
8.484569138276553,0.24579946297053465,0.4591254010717522,0.31054380201979603,0.47454899158326463,0.1954477069119951,0.004826099782706983,0.1061998125999174,0.0018698304235019725
8.512424849699398,0.24451076200173383,0.4581766631068473,0.3092816396470814,0.4736470127294707,0.19753860729318906,0.005053001927599832,0.1076575062156051,0.002004774311436197
8.540280561122245,0.2432266386057243,0.4572282283297651,0.3080223153252696,0.472745205839803,0.1996349819654295,0.005285059957455762,0.10912264431479168,0.002144399116372875
8.56813627254509,0.2419470994074406,0.45628010351573667,0.306765841349342,0.47184357676443717,0.20173672806679588,0.005522268834456945,0.11059516416071735,0.002288702107004381
8.595991983967936,0.24067215076308116,0.45533229543104065,0.3055122298596367,0.4709421313489146,0.20384374297980967,0.005764623411026459,0.11207500288512406,0.002437680461191305
8.623847695390781,0.23940179876149592,0.4543848108328132,0.30426149284176957,0.4700408754339931,0.20595592433992582,0.006012118430074986,0.11356209749361768,0.002591331266082908
8.651703406813628,0.2381360492255959,0.4534376564688575,0.30301364212656956,0.46913981485549494,0.20807317004392045,0.006264748525253161,0.11505638487101366,0.002749651518245244
8.679559118236472,0.2368749077137855,0.45249083907745347,0.30176868939003115,0.4682389554441575,0.2101953782581667,0.0065225082212092556,0.11655780178666675,0.002912638123790723
8.707414829659317,0.23561837952141637,0.4515443653871694,0.30052664615328084,0.46733830302548274,0.21232244742680417,0.006785391933851415,0.11806628489978421,0.003080287898512224
8.735270541082164,0.23436646968226246,0.450598242116673,0.29928752378256035,0.46643786341958765,0.21445427627979785,0.007053393970615662,0.11958177076472165,0.0032525975680207653
8.763126252505009,0.23311918297001635,0.4496524759745432,0.29805133348922425,0.4655376424410544,0.21659076384088793,0.0073265085307380184,0.12110419583625931,0.0034295637678878332
8.790981963927855,0.23187652389980487,0.4487070736590835,0.29681808632975293,0.4646376458987817,0.21873180943542914,0.007604729705532387,0.12263349647486244,0.003611183043790822
8.8188376753507,0.23063849672972617,0.44776204185813445,0.2955877932057815,0.4637378795958356,0.22087731269811983,0.007888051478672775,0.12416960895191931,0.003797451851662359
8.846693386773547,0.22940510546240436,0.44681738724888803,0.29436046486414214,0.46283834932930107,0.22302717358061952,0.008176467726481618,0.1257124694549614,0.0039883665578432925
8.874549098196391,0.22817635384656454,0.44587311649770245,0.29313611189692323,0.46193906089013353,0.2251812923590557,0.008469972218221322,0.1272620140928603,0.004183923439241344
8.902404809619238,0.22695224537862518,0.4449292362599164,0.2919147447415416,0.4610400200630115,0.22733956964142,0.008768558616391808,0.12881817890100655,0.004384118683489424
8.930260521042083,0.22573278330430918,0.44398575317966643,0.29069637368083073,0.4601412326261884,0.22950190637484935,0.009072220477033044,0.1303808998464635,0.004588948389112724
8.95811623246493,0.22451797062027185,0.4430426738897016,0.28948100884314254,0.4592427043513463,0.23166820385279974,0.009380951250032576,0.13195011283310132,0.0047984085656958
8.985971943887774,0.22330781007574627,0.4421000050112028,0.2882686602024645,0.458344441003448,0.2338383637221031,0.00969474427943573,0.13352575370670494,0.005012495134055217
9.013827655310621,0.22210230417420487,0.4411577531535992,0.2870593375785502,0.4574464483405916,0.2360122879899158,0.01001359280376446,0.13510775826006083,0.005231203926415073
9.041683366733466,0.22090145517503734,0.4402159249143875,0.2858530506370651,0.4565487321138636,0.23818987903055078,0.010337489956337098,0.13669606223801845,0.005454530686587189
9.069539078156312,0.2197052650952436,0.439274526878951,0.2846498088897457,0.45565129806719395,0.24037103959220119,0.010666428765595981,0.13829060134252613,0.0056824710701544046
9.097394789579157,0.21851373571114294,0.43833356562038067,0.283449621694573,0.45475415193721014,0.24255567280354617,0.011000402155437072,0.1398913112376431,0.0059150206446572096
9.125250501002004,0.21732686856009617,0.4373930476992944,0.28225249825595944,0.4538572994530928,0.24474368218024944,0.011339402945546695,0.14149812755452373,0.00615217488978459
9.153106212424849,0.21614466494224385,0.4364529796636601,0.2810584476249504,0.4529607463364309,0.24693497163134004,0.011683423851741148,0.14311098589637639,0.006393929197569204
9.180961923847695,0.21496712592225659,0.4355133680486172,0.27986747869943834,0.45206449830107787,0.24912944546548332,0.012032457486311987,0.14472982184339578,0.006640278872584449
9.20881763527054,0.21379425233109972,0.43457421937630003,0.27867960022439126,0.45116856105300784,0.2513270083971382,0.01238649635837541,0.14635457095766546,0.006891219132146742
9.236673346693387,0.21262604476781025,0.43363554015566197,0.27749482079209364,0.45027294029017245,0.2535275655526015,0.012745532874226528,0.1479851687880347,0.007146745106521246
9.264529058116231,0.21146250360128638,0.4326973368822999,0.276313148842402,0.4493776417023581,0.2557310224759395,0.013109559337697752,0.14962155087496543,0.007406851839129258
9.292384769539078,0.2103036289720888,0.4317596160382793,0.27513459266301166,0.4484826709710437,0.25793728513480696,0.013478567950522713,0.15126365275535014,0.00767153428676326
9.320240480961923,0.20914942079425378,0.43082238409196166,0.2739591603897385,0.4475880337692585,0.26014625992615437,0.013852550812702535,0.15291140996730113,0.007940787319800191
9.34809619238477,0.20799987875711665,0.4298856474978307,0.2727868600068117,0.44669373576144117,0.2623578536818222,0.01423149992287931,0.15456475805490766,0.00821460572242394
9.375951903807614,0.2068550023271468,0.42894941269632036,0.2716176993471808,0.4457997826032984,0.2645719736740231,0.014615407178712347,0.15622363257296523,0.008492984192846276
9.40380761523046,0.20571479074979165,0.42801368611364443,0.270451686092834,0.4449061799416646,0.2667885276207127,0.015004264377258325,0.15788796909167213,0.008775917343535111
9.431663326653306,0.20457924305133177,0.42707847416162514,0.2692888277751299,0.444012933414362,0.2690074236908473,0.01539806321535786,0.15955770320129437,0.009063399701443986
9.459519038076152,0.20344835804074365,0.42614378323752433,0.2681291317751409,0.4431200486500607,0.2712285705095332,0.015796795290023646,0.1612327705168003,0.009355425708246212
9.487374749498997,0.20232213431157312,0.4252096197238746,0.266972605324009,0.44222753126814063,0.2734518771630612,0.016200452098836138,0.16291310668246117,0.00965198972057213
9.515230460921844,0.20120057024381535,0.42427598998831173,0.2658192555033136,0.44133538687855184,0.2756772532038332,0.01660902504034012,0.1645986473764205,0.009953086010249468
9.543086172344688,0.20008366400580455,0.4233429003834074,0.2646690892454512,0.4404436210816776,0.27790460865517663,0.017022505414448386,0.16628932831522936,0.01025870876454782
9.570941883767535,0.19897141355610987,0.4224103572465039,0.26352211333402664,0.4395522394681959,0.28013385401605007,0.01744088442284708,0.1679850852583481,0.010568852086426217
9.59879759519038,0.19786381664543973,0.42147836689954826,0.26237833440425656,0.4386612476189435,0.28236490026563743,0.01786415316940837,0.1696858540126147,0.010883509994783491
9.626653306613226,0.1967608708185518,0.4205469356489287,0.26123775894338314,0.4377706511047785,0.2845976588678347,0.01829230266060311,0.17139157043667907,0.011202676424713953
9.654509018036071,0.1956625734161703,0.419616069785311,0.26010039329110046,0.4368804554864458,0.28683204177562593,0.018725323805921512,0.17310217044540188,0.011526345227763302
9.682364729458918,0.19456892157690844,0.4186857755834765,0.2589662436399909,0.4359906663144401,0.28906796143535307,0.019163207418296246,0.17481759001421904,0.011854510172191413
9.710220440881763,0.19347991223919722,0.4177560593021604,0.2578353160359737,0.4351012891288726,0.2913053307908744,0.019605944214527993,0.17653776518346942,0.012187164943235684
9.73807615230461,0.19239554214321858,0.41682692718389147,0.256707616378763,0.43421232945933586,0.29354406328761906,0.020053524815718315,0.1782626320626901,0.012524303143378601
9.765931863727454,0.19131580783284435,0.4158983854548325,0.2555831504223381,0.43332379282477046,0.2957840728765315,0.020505939747704094,0.17999212683487142,0.012865918292619738
9.7937875751503,0.19024070565757836,0.41497044032462177,0.25446192377542276,0.43243568473333194,0.2980252740179117,0.02096317944149606,0.18172618576067934,0.013212003828748986
9.821643286573146,0.1891702317745039,0.41404309798621586,0.2533439419019766,0.43154801068225845,0.3002675816851472,0.021425234233722223,0.183464745182639,0.013562553107624442
9.849498997995992,0.18810438215023356,0.41311636461573215,0.2522292101216951,0.43066077615773823,0.3025109113683423,0.02189209436707462,0.18520774152928166,0.013917559403453295
9.877354709418837,0.1870431525628635,0.4121902463722943,0.25111773361052114,0.42977398663477895,0.304755179077839,0.02236374999075952,0.18695511131925457,0.014277015909075041
9.905210420841684,0.1859865386039295,0.4112647493978767,0.25000951740116534,0.4288876475770766,0.30700030134763767,0.022840191160951928,0.18870679116539457,0.014640915736249704
9.933066132264528,0.18493453568036664,0.41033987981715153,0.24890456638363748,0.42800176443688576,0.30924619523870944,0.023321407841254027,0.190462717778761,0.01500925191594682
9.960921843687375,0.1838871390164702,0.40941564373733574,0.24780288530578629,0.4271163426548891,0.31149277834221023,0.02380738990315623,0.19222282797263324,0.015382017398639758
9.98877755511022,0.18284434365585914,0.4084920472480396,0.2467044787738498,0.42623138766006996,0.3137399687825886,0.024298127126502922,0.19398705866646937,0.015759205054602043
10.016633266533066,0.18180614446344032,0.40756909642111616,0.24560935125301456,0.42534690486958276,0.3159876852205936,0.024793609199961986,0.19575534688982454,0.016140807674206226
10.044488977955911,0.18077253612737476,0.4066467973105116,0.2445175070679842,0.4244628996886262,0.3182358468561809,0.025293825721496632,0.19752762978623306,0.01652681796822808
10.072344689378758,0.17974351316104356,0.4057251559521167,0.24342895040355703,0.42357937751031566,0.3204843734313194,0.025798766198842804,0.19930384461704942,0.01691722856815059
10.100200400801603,0.17871906990501546,0.4048041783636196,0.2423436853052129,0.42269634371555737,0.32273318523269634,0.026308420049987458,0.2010839287652515,0.01731203202647391
10.128056112224447,0.17769920052901325,0.40388387054435904,0.24126171567970808,0.42181380367292215,0.32498220309432535,0.02682277660365273,0.20286781973920343,0.017711220817026252
10.155911823647294,0.17668389903388104,0.4029642384751791,0.24018304529567977,0.4209317627385208,0.3272313484000552,0.02734182509978278,0.2046554551763793,0.01811478733528027
10.183767535070139,0.17567315925355065,0.4020452881182853,0.23910767778425818,0.42005022625587946,0.32948054308597974,0.027865554690032712,0.2064467728470465,0.018522723898668048
10.211623246492985,0.17466697485700655,0.4011270254171005,0.2380356166396874,0.4191691995558158,0.33172970964275406,0.02839395443826387,0.20824171065791008,0.018935022746904284
10.23947895791583,0.17366533935025058,0.4002094562961236,0.2369668652199547,0.4182886879563161,0.3339787711178114,0.028927013321038197,0.2100402066557152,0.019351676042308474
10.267334669338677,0.17266824607826434,0.39929258666078804,0.2359014267474268,0.417408696762413,0.33622765111748665,0.02946472022812019,0.2118421990308117,0.019772675870131762
10.295190380761522,0.1716756882269705,0.39837642239732185,0.23483930430949565,0.4165292312660633,0.3384762738090449,0.03000706396297992,0.21364762612067534,0.02019801423888623
10.323046092184368,0.1706876588251912,0.3974609693726088,0.23378050085923005,0.41565029674602727,0.3407245639226162,0.030554033243298084,0.21545642641339113,0.020627683080676862
10.350901803607213,0.1697041507466051,0.3965462334340505,0.23272501921603664,0.4147718984677486,0.3429724467530366,0.031105616701477712,0.2172685385510933,0.021061674251536378
10.37875751503006,0.1687251567117005,0.3956322204094299,0.23167286206632676,0.41389404168323396,0.3452198481615989,0.03166180288515519,0.21908390133336675,0.021499979531763636
10.406613226452905,0.16775066928972665,0.39471893610677555,0.2306240319641918,0.4130167316309348,0.3474666945777105,0.03222258025771696,0.2209024537206059,0.02194259062626358
10.434468937875751,0.16678068090064105,0.39380638631422726,0.22957853133208483,0.41213997353562876,0.3497129130004615,0.03278793719881845,0.22272413483733278,0.022389499164890303
10.462324649298596,0.16581518381705357,0.3928945767999027,0.22853636246150977,0.41126377260830255,0.35195843100010205,0.03335786200490565,0.2245488839754739,0.02284069670279365
10.490180360721443,0.1648541701661665,0.39198351331176506,0.22749752751371677,0.4103881340460344,0.3542031767194339,0.03393234288974045,0.22637664059759666,0.023296174720767393
10.518036072144287,0.1638976319317109,0.3910732015774925,0.22646202852040495,0.4095130630318789,0.3564470788751103,0.034511367984927266,0.22820734434010304,0.023755924625601055
10.545891783567134,0.16294556095587812,0.39016364730434727,0.2254298673844311,0.4086385647347509,0.3586900667588513,0.03509492534044567,0.230040935016382,0.024219937750433296
10.573747494989979,0.16199794894124736,0.3892548561790481,0.2244010458805253,0.4077646443093116,0.3609320702385719,0.035683002925181784,0.23187735261992104,0.024688205355108517
10.601603206412825,0.16105478745270754,0.38834683386764146,0.22337556565601174,0.406891306895854,0.3631730197594255,0.036275588627466604,0.23371653732737674,0.02516071862653657
10.62945891783567,0.1601160679193751,0.38743958601537604,0.2223534282315372,0.40601855762019057,0.36541284634476234,0.03687267025561258,0.23555842950160044,0.025637468679054143
10.657314629258517,0.15918178163650526,0.38653311824657677,0.22133463500180375,0.4051464015935399,0.367651481597006,0.03747423553845808,0.2374029696946267,0.026118446554789232
10.685170340681362,0.158251919767399,0.3856274361645207,0.2203191872363087,0.404274843912416,0.3698888576984436,0.038080272125910364,0.23925009865061686,0.02660364322402775
10.713026052104208,0.15732647334530298,0.3847225453513145,0.21930708608008895,0.403403889658517,0.37212490741193927,0.0386907675894923,0.24109975730876165,0.027093049585582563
10.740881763527053,0.15640543327530446,0.38381845136777243,0.21829833255447204,0.4025335438986151,0.37435956408156235,0.03930570942289335,0.24295188680614221,0.02758665646716607
10.7687374749499,0.15548879033621898,0.38291515975329526,0.21729292755783128,0.40166381168444726,0.37659276163313904,0.0399250850425209,0.24480642848054934,0.028084454625762922
10.796593186372744,0.1545765351824726,0.38201267602575156,0.21629087186634705,0.40079469805260703,0.3788244345747229,0.040548881788054825,0.24666332387326084,0.028586434748008482
10.824448897795591,0.15366865834597626,0.38111100568135886,0.2152921661347727,0.3999262080244357,0.3810545179969891,0.04117708692300548,0.2485225147317769,0.02909258745056653
10.852304609218436,0.15276515023799436,0.3802101541945672,0.21429681089720581,0.3990583466059169,0.3832829475735491,0.041809687635272486,0.25038394301251354,0.029602903280510295
10.880160320641282,0.1518660011510051,0.3793101270179425,0.2133048065678632,0.3981911187875687,0.385509659561192,0.042446671037707606,0.25224755088345596,0.030117372715707358
10.908016032064127,0.1509712012605547,0.37841092958205236,0.21231615344186192,0.3973245295443398,0.3877345908000488,0.043088024168678185,0.2541132807267662,0.030635986165204354
10.935871743486974,0.15008074062710264,0.3775125672953527,0.21133085169600366,0.3964585838355035,0.38995767871368325,0.04373373399263425,0.25598107514135426,0.031158733969615993
10.963727454909819,0.1491946091978608,0.37661504554407527,0.21034890138956414,0.39559328660455506,0.3921788613091082,0.04438378740067739,0.25785087694540265,0.03168560640151519
10.991583166332665,0.14831279680862303,0.3757183696921165,0.2093703024650861,0.3947286427791075,0.39439807717673103,0.04503817121113207,0.2597226291788536,0.032216593665825854
11.01943887775551,0.1474352931855881,0.3748225450809282,0.20839505474917738,0.3938646572707909,0.39661526549022674,0.045696872170117864,0.2615962751058507,0.03275168590021715
11.047294589178357,0.14656208794717318,0.37392757702940826,0.20742315795331145,0.3930013349751491,0.39883036600634036,0.04635987695212629,0.26347175821714264,0.03329087317550172
11.075150300601202,0.14569317060581974,0.37303347083379373,0.20645461167463333,0.3921386807715408,0.4010433190646203,0.047027172160597264,0.26534902223244194,0.033834145496033474
11.103006012024048,0.14482853056979014,0.3721402317675547,0.20548941539676774,0.3912766995230389,0.4032540655870831,0.047698744328498854,0.26722801110274597,0.034381492800109936
11.130861723446893,0.1439681571449561,0.3712478650812887,0.2045275684906318,0.39041539607633174,0.4054625470778096,0.048374579918909255,0.26910866901261365,0.034932904960375266
11.15871743486974,0.14311203953657733,0.3703563760026181,0.20356907021525064,0.38955477526162496,0.4076687056224756,0.04905466532559899,0.27099094038240246,0.035488371784224926
11.186573146292584,0.14226016685107215,0.36946576973608664,0.20261391971857654,0.3886948418925443,0.40987248388781605,0.04973898687361822,0.27287476987046344,0.03604788301421458
11.214428857715431,0.14141252809777766,0.3685760514630588,0.2016621160383104,0.38783560076603885,0.41207382512102453,0.05042753081988183,0.27476010237529724,0.03661142832846753
11.242284569138276,0.1405691121907016,0.3676872263416194,0.20071365810272762,0.3869770566622858,0.4142726731490882,0.051120283353760065,0.27664688303766505,0.037178997341088316
11.270140280561122,0.1397299079502635,0.3667992995064751,0.19976854473150524,0.3861192143445953,0.4164689723780617,0.05181723059766885,0.2785350572426639,0.03775057960257433
11.297995991983967,0.13889490410502747,0.36591227606885707,0.19882677463655318,0.3852620785593167,0.41866266779227657,0.052518358607662075,0.28042457062175663,0.038326164600231416
11.325851703406814,0.13806408929342356,0.36502616111642416,0.19788834642284703,0.38440565403574556,0.42085370495349217,0.05322365337402635,0.28231536905476495,0.038905741758591184
11.353707414829659,0.13723745206546079,0.3641409597131685,0.19695325858926413,0.38354994548603094,0.42304202999998364,0.05393310082187652,0.28420739867181866,0.03948930043983068
11.381563126252505,0.13641498088442847,0.3632566768993213,0.19602150952942124,0.3826949576050842,0.4252275896455743,0.054646686811753664,0.286100605855268,0.04007682994419137
11.40941883767535,0.13559666412858873,0.3623733176912605,0.19509309753251508,0.38184069507048884,0.4274103311786057,0.055364397140223565,0.28799493724155256,0.04066831951040295
11.437274549098197,0.13478249009285753,0.36149088708141963,0.1941680207841644,0.3809871625424102,0.42959020246085466,0.056086217540478156,0.2898903397230328,0.04126375831610818
11.465130260521041,0.13397244699047606,0.36060939003819764,0.19324627736725467,0.380134364663507,0.43176715192639026,0.05681213368293658,0.29178676044977947,0.04186313547828724
11.492985971943888,0.13316652295467088,0.35972883150587026,0.1923278652627837,0.3792823060588428,0.43394112858037814,0.05754213117584994,0.29368414683132515,0.04246644005368738
11.520841683366733,0.1323647060403039,0.3588492164045025,0.19141278235071016,0.3784309913358001,0.4361120819978286,0.0582761955659048,0.29558244653837473,0.04307366103925048
11.548697394789578,0.13156698422551114,0.35797054962986236,0.1905010264108025,0.3775804250839925,0.4382799623222927,0.059014312338831365,0.2974816075044776,0.04368478737254644
11.576553106212424,0.1307733454133308,0.35709283605333586,0.18959259512349005,0.3767306118751805,0.44044472026450454,0.05975646692000913,0.29938157792765985,0.04429980793220356
11.604408817635269,0.12998377743332054,0.35621608052184367,0.18868748607071553,0.37588155626318664,0.4426063071009718,0.06050264467507671,0.3012823062720176,0.04491871153834426
11.632264529058116,0.1291982680431629,0.3553402878577583,0.18778569673678833,0.3750332627838115,0.4447646746725171,0.06125283091054223,0.30318374126927106,0.04554148695302085
11.66012024048096,0.12841680493026061,0.354465462858823,0.18688722450923945,0.3741857359547517,0.44691977538276795,0.06200701087439375,0.3050858319202814,0.04616812288065253
11.687975951903807,0.12763937571331962,0.35359161029807196,0.18599206667967694,0.37333898027551715,0.4490715621965984,0.06276516975671265,0.3069885274965263,0.04679860796846458
11.715831663326652,0.12686596794392158,0.3527187349237519,0.1851002204446428,0.37249300022735093,0.451219988638522,0.06352729269028567,0.30889177754153985,0.047432930806928786
11.743687374749499,0.12609656910808406,0.3518468414592442,0.18421168290647005,0.37164780027314837,0.45336500879104014,0.0642933647512215,0.31079553187231324,0.048071079930204874
11.771543086172343,0.12533116662781027,0.3509759346029893,0.18332645107414097,0.3708033848573784,0.4555065772929403,0.06506337095956416,0.31269974058065664,0.04871304381658448
11.79939879759519,0.1245697478626261,0.35010601902841154,0.1824445218641457,0.36995975840600487,0.45764464933755256,0.0658372962799112,0.31460435403452547,0.04935881088893512
11.827254509018035,0.12381230011110644,0.34923709938384584,0.18156589210134128,0.3691169253264095,0.45977918067095924,0.06661512562203076,0.31650932287930633,0.050008369515146645
11.855110220440881,0.12305881061238912,0.3483691802924653,0.18069055851981106,0.3682748900073147,0.4619101275901629,0.0673968438414787,0.31841459803906824,0.05066170800857839
11.882965931863726,0.12230926654767749,0.3475022663522102,0.17981851776372454,0.36743365681870854,0.46403744694121063,0.0681824357402201,0.320320130717775,0.051318814628507736
11.910821643286573,0.1215636550417308,0.3466363621357184,0.17894976638819682,0.36659323011176953,0.4661610961172764,0.06897188606724647,0.3222258724004621,0.0519796775805802
11.938677354709418,0.12082196316434321,0.34577147219025667,0.17808430086014884,0.365753614218793,0.46828103305670365,0.06976517951919925,0.32413177485437483,0.052644285017260595
11.966533066132264,0.12008417793180998,0.3449076010376536,0.17722211755916664,0.3649148134531181,0.47039721624100683,0.07056230074098901,0.3260377901300725,0.05331262503828493
11.994388777555109,0.11935028630838275,0.3440447531742339,0.17636321277836167,0.36407683210905556,0.4725096046928341,0.07136323432641878,0.3279438705624944,0.05398468569111503
12.022244488977956,0.11862027520771173,0.34318293307075304,0.1755075827252291,0.3632396744618166,0.47461815797389284,0.07216796481880672,0.3298499687719916,0.0546604549713916
12.0501002004008,0.11789413149427674,0.342322145172335,0.17465522352250776,0.3624033447674429,0.4767228361828344,0.07297647671160834,0.3317560376653206,0.0553399208233919
12.077955911823647,0.11717184198480511,0.341462393898409,0.17380613120903785,0.36156784726273683,0.4788235999531081,0.07378875444904276,0.3336620304366039,0.05602307114048499
12.105811623246492,0.1164533934496785,0.3406036836426493,0.17296030174061922,0.36073318616519306,0.48092041045077294,0.0746047824267142,0.3355679005682546,0.05670989376559099
12.133667334669338,0.11573877261432654,0.33974601877291566,0.17211773099086836,0.3598993656729314,0.4830132293722791,0.0754245449922395,0.33747360183186426,0.057400376491639205
12.161523046092183,0.115027966160609,0.3388894036311947,0.17127841475207511,0.3590663899646298,0.4851020189422127,0.07624802644587114,0.3393790882890586,0.0580945070620289
12.18937875751503,0.11432096072818503,0.33803384253354296,0.17044234873605782,0.35823426319945845,0.4871867419110101,0.07707521104112458,0.3412843142923182,0.05879227317108926
12.217234468937875,0.11361774291587086,0.3371793397700315,0.16960952857501863,0.35740298951701543,0.4892673615526354,0.07790608298540302,0.34318923448576144,0.059493662464542574
12.245090180360721,0.11291829928298427,0.3363258996046907,0.16877994982239639,0.35657257303726236,0.491343841662232,0.07874062644062518,0.3450938038058997,0.06019866253996642
12.272945891783566,0.11222261635067782,0.33547352627545773,0.16795360795371972,0.35574301786046164,0.4934161465537368,0.07957882552384987,0.3469979774823533,0.060907260947257624
12.300801603206413,0.11153068060325849,0.33462222399412395,0.16713049836745783,0.35491432806711426,0.4954842410574716,0.08042066430790529,0.3489017110385362,0.06161944518909657
12.328657314629258,0.11084247848949626,0.33377199694628457,0.1663106163858709,0.3540865077178987,0.49754809051769777,0.08126612682201295,0.3508049602923078,0.06233520272141302
12.356513026052104,0.11015799642391903,0.33292284929128907,0.1654939572558583,0.3532595608536103,0.49960766079014907,0.08211519705241832,0.3527076813565918,0.06305452095385178
12.384368737474949,0.10947722078809645,0.3320747851621932,0.1646805161498059,0.35243349149510245,0.5016629182395319,0.08296785894301406,0.3546098306399602,0.06377738725024118
12.412224448897796,0.10880013793191001,0.33122780866571133,0.16387028816643143,0.35160830364322765,0.503713829737002,0.08382409639597155,0.3565113648471887,0.06450378892905873
12.44008016032064,0.10812673417481204,0.33038192388217186,0.1630632683316286,0.3507840012787805,0.5057603626576124,0.08468389327236403,0.3584122409797761,0.06523371326390137
12.467935871743487,0.10745699580707122,0.3295371348654716,0.16225945159930913,0.34996058836244043,0.507802484877738,0.0855472333927969,0.36031241633643496,0.06596714748395405
12.495791583166332,0.10679090909100639,0.32869344564303354,0.1614588328522433,0.3491380688347165,0.5098401647724746,0.08641410053803411,0.36221184851354793,0.06670407877445927
12.523647294589178,0.10612846026220762,0.3278508602157643,0.16066140690289815,0.34831644661589245,0.5118733712130137,0.08728447844962373,0.3641104954055957,0.06744449427718768
12.551503006012023,0.1054696355307452,0.32700938255801376,0.15986716849427443,0.34749572560597275,0.5139020735639942,0.08815835083052748,0.3660083152055511,0.06818838109090963
12.57935871743487,0.10481442108236567,0.3261690166175354,0.1590761123007407,0.3466759096846298,0.5159262416808328,0.08903570134574545,0.36790526640524446,0.0689357262718664
12.607214428857715,0.10416280307967625,0.32532976631544824,0.15828823292886615,0.3458570027111517,0.5179458459070312,0.0899165136229435,0.36980130779569753,0.06968651683424198
12.635070140280561,0.10351476766331612,0.3244916355461996,0.15750352491825045,0.34503900852439123,0.5199608570714632,0.09080077125308006,0.37169639846742775,0.07044073975063658
12.662925851703406,0.10287030095311613,0.32365462817752993,0.15672198274235213,0.34422193094271586,0.5219712464856402,0.09168845779103085,0.37359049781072173,0.07119838195253947
12.690781563126253,0.10222938904924532,0.3228187480504375,0.15594360080931388,0.34340577376395776,0.5239769859409595,0.09257955675621599,0.3754835655158807,0.07195943033080243
12.718637274549097,0.10159201803334597,0.32198399897914604,0.15516837346278614,0.3425905407653664,0.5259780477059307,0.09347405163322375,0.37737556157343466,0.07272387173611383
12.746492985971944,0.10095817396965567,0.3211503847510718,0.15439629498274746,0.3417762357035601,0.5279744045233864,0.09437192587243748,0.37926644627433015,0.07349169297947367
12.774348697394789,0.1003278429061176,0.32031790912679353,0.15362735958632348,0.3409628623144803,0.5299660296076736,0.09527316289065824,0.38115618021008524,0.0742628808326673
12.802204408817635,0.09970101087547813,0.3194865758400223,0.1528615614286019,0.34015042431334513,0.531952896641829,0.09617774607172991,0.383044724272921,0.07503742202874186
12.83006012024048,0.0990776638963727,0.31865638859757356,0.15209889460344603,0.3393389253946056,0.5339349797747371,0.09708565876716135,0.3849320396558613,0.07581530326248087
12.857915831663327,0.09845778797439889,0.31782735107933946,0.15133935314430463,0.33852836923190077,0.5359122536182752,0.09799688429675169,0.3868180878528058,0.07659651119088051
12.885771543086172,0.0978413691031779,0.31699946693826375,0.1505829310250201,0.3377187594780158,0.5378846932444392,0.09891140594920989,0.3887028306585748,0.0773810324336256
12.913627254509018,0.09722839326540345,0.31617273980031624,0.14982962216063253,0.33691009976483915,0.5398522741824598,0.0998292069827782,0.3905862301689287,0.0781688535735654
12.941482965931863,0.09661884643387891,0.31534717326446965,0.14907942040818176,0.3361023937033222,0.541814972415901,0.10075027062585284,0.39246824878055875,0.0789599611571905
12.969338677354708,0.09601271457254203,0.3145227709026773,0.14833231956750623,0.3352956448834384,0.5437727643797481,0.1016745800776041,0.39434884919105095,0.07975434169511031
12.997194388777555,0.09540998363747781,0.31369953625985186,0.14758831338203843,0.3344898568741444,0.5457256269574822,0.10260211850859546,0.3962279943988254,0.08055198166252775
13.0250501002004,0.09481063957791958,0.31287747285384576,0.14684739553959847,0.333685033223342,0.5476735374781423,0.10353286906140391,0.39810564770304635,0.08135286749971793
13.052905811623246,0.0942146683372375,0.31205658417543203,0.1461095596731826,0.33288117745783974,0.5496164737133782,0.10446681485123577,0.3999817727035112,0.08215698561250506
13.08076152304609,0.09362205585391596,0.31123687368828723,0.1453747993617502,0.33207829308331754,0.551554413874489,0.10540393896654598,0.4018563333005093,0.08296432237273854
13.108617234468937,0.09303278806251822,0.3104183448289745,0.1446431081310069,0.33127638358428985,0.5534873366094565,0.10634422446965308,0.4037292936946587,0.08377486411877122
13.136472945891782,0.0924468508946401,0.3096010010069293,0.1439144794541845,0.33047545242407217,0.5554152209999643,0.10728765439735466,0.40560061838671535,0.0845885971559357
13.164328657314629,0.09186423027985101,0.30878484560444447,0.14318890675281726,0.3296755030447459,0.5573380465584107,0.10823421176154235,0.4074702721773612,0.08540550775702171
13.192184368737474,0.09128491214662403,0.30796988197665803,0.14246638339751513,0.32887653886712664,0.5592557932249125,0.10918387954981479,0.4093382201669653,0.08622558216275367
13.22004008016032,0.0907088824232536,0.30715611345154153,0.14174690270873352,0.3280785632907312,0.5611684413643013,0.11013664072608986,0.41120442775532107,0.08704880658226677
13.247895791583165,0.09013612703876221,0.3063435433298894,0.1410304579575396,0.32728157969374716,0.5630759717631109,0.11109247823121637,0.41306886064136084,0.08787516719358501
13.275751503006012,0.08956663192379481,0.3055321748853094,0.14031704236637477,0.32648559143300193,0.5649783656265602,0.11205137498358475,0.41493148482284725,0.0887046501440969
13.303607214428856,0.0890003830115023,0.30472201136421534,0.13960664910981377,0.3256906018439343,0.5668756045755285,0.1130133138797349,0.41679226659603996,0.08953724155103271
13.331462925851703,0.08843736623841307,0.30391305598581897,0.13889927131532026,0.3248966142405649,0.5687676706435257,0.11397827779496561,0.41865117255534146,0.09037292750194115
13.359318637274548,0.08787756754529341,0.30310531194212514,0.13819490206399887,0.3241036319154697,0.5706545462736554,0.1149462495839404,0.42050816959291815,0.09121169405516527
13.387174348697394,0.08732097287799619,0.30229878239792635,0.1374935343913428,0.3233116581397526,0.5725362143155772,0.11591721208129357,0.4223632248983019,0.09205352724031846
13.41503006012024,0.08676756818829864,0.3014934704907999,0.13679516128797853,0.32252069616302,0.5744126580224602,0.11689114810223411,0.4242163059579678,0.09289841305876012
13.442885771543086,0.08621733943472848,0.3006893793311047,0.13609977570040618,0.32173074921335565,0.576283861047936,0.11786804044314914,0.42606738055489046,0.09374633748407224
13.47074148296593,0.08567027258337906,0.2998865120019807,0.1354073705317369,0.320941820497297,0.5781498074430474,0.11884787188220614,0.4279164167680791,0.09459728646253307
13.498597194388777,0.08512635360871308,0.2990848715593482,0.13471793864242476,0.32015391319981185,0.5800104816531946,0.11983062517995191,0.42976338297209327,0.095451245913593
13.526452905811622,0.0845855684943557,0.29828446103190925,0.13403147285099654,0.31936703048427595,0.5818658685150773,0.12081628307991266,0.43160824783653484,0.09630820173034893
13.554308617234469,0.08404790323387594,0.2974852834211493,0.1333479659347764,0.31858117549245185,0.5837159532536389,0.1218048283091917,0.43345098032552243,0.09716813978001826
13.582164328657313,0.0835133438315578,0.29668734170134087,0.13266741063060739,0.3177963513444685,0.5855607214790044,0.12279624357906482,0.4352915496971427,0.0980310459044128
13.61002004008016,0.08298187630315981,0.29589063881954736,0.13198979963556806,0.31701256113880133,0.5874001591834226,0.12379051158557619,0.4371299255028852,0.09889690592041167
13.637875751503005,0.0824534866766644,0.2950951776956289,0.13131512560768585,0.3162298079522537,0.5892342527382017,0.1247876150101298,0.43896607758705564,0.09976570562043485
13.665731462925852,0.08192816099301575,0.2943009612222484,0.13064338116664592,0.31544809483993896,0.5910629888906518,0.12578753652008312,0.4407999760861696,0.10063743077291454
13.693587174348696,0.08140588530684763,0.2935079922648798,0.12997455889449644,0.31466742483526355,0.592886354761021,0.12679025876933525,0.44263159142832753,0.10151206712276872
13.721442885771543,0.08088664568720003,0.29271627366181585,0.12930865133634886,0.3138878009499107,0.5947043378394377,0.1277957643989176,0.4444608943325732,0.10238960039187028
13.749298597194388,0.08037042821822557,0.29192580822417885,0.12864565100107495,0.31310922617382525,0.5965169259828498,0.1288040360375784,0.44628785580822994,0.10327001627951948
13.777154308617234,0.07985721899988511,0.2911365987359306,0.12798555036199893,0.312331703475199,0.5983241074119692,0.12981505630237034,0.4481124471542224,0.10415330046291416
13.80501002004008,0.0793470041486332,0.29034864795388515,0.12732834185758632,0.31155523580045774,0.6001258707082153,0.13082880779923167,0.44993463995837735,0.10503943859761766
13.832865731462926,0.07883976979809282,0.28956195860772094,0.12667401789212737,0.3107798260742478,0.6019222048106627,0.13184527312357053,0.4517544060967097,0.10592841631802963
13.86072144288577,0.07833550209972008,0.2887765333999954,0.12602257083641705,0.3100054771994249,0.6037130990129904,0.13286443486084332,0.4535717177326899,0.10682021923785312
13.888577154308617,0.07783418722345843,0.28799237500616004,0.1253739930284306,0.3092321920570423,0.6054985429604356,0.13388627558713373,0.4553865473164942,0.10771483295056394
13.916432865731462,0.07733581135838305,0.2872094860745762,0.12472827677399495,0.3084599735063416,0.6072785266467491,0.13491077786972916,0.45719886758423744,0.10861224302987482
13.944288577154309,0.07684036071333455,0.28642786922653257,0.12408541434745517,0.3076888243847426,0.6090530404111563,0.1359379242676959,0.45900865155719295,0.10951243503020458
13.972144288577153,0.0763478215175434,0.2856475270562634,0.12344539799233728,0.3069187475078356,0.610822074935321,0.13696769733245162,0.4608158725409919,0.11041539448714166
14.0,0.07585818002124355,0.28486846213096745,0.12280821992200645,0.3061497456693731,0.6125856212403149,0.1380000796083365,0.4626205041248095,0.11132110691790942
